"id";"table_id";"filename";"cropped_filename";"table_name";"type";"is_cover";"created_at";"updated_at"
"16";"8";"1576931122121_alcide.jpg";NULL;"NEWS";"IMAGE";"1";"2019-12-21 11:25:22";"2019-12-21 11:25:25"
"17";"9";"1576931574737_invito.jpg";NULL;"NEWS";"IMAGE";"1";"2019-12-21 11:32:56";"2019-12-21 11:32:59"
"18";"10";"1576931736127_musica.jpg";NULL;"NEWS";"IMAGE";"1";"2019-12-21 11:35:37";"2019-12-21 11:35:44"
"19";"11";"1576931914193_sanpaolo.jpg";NULL;"NEWS";"IMAGE";"1";"2019-12-21 11:38:35";"2019-12-21 11:38:37"
"20";"12";"1576946558589_book1ok.jpg";NULL;"NEWS";"IMAGE";"1";"2019-12-21 15:42:39";"2019-12-21 15:42:42"
"21";"13";"1576946669391_crepet.jpg";NULL;"NEWS";"IMAGE";"1";"2019-12-21 15:44:30";"2019-12-21 15:44:33"
"22";"14";"1576946848946_mariantonia.jpg";NULL;"NEWS";"IMAGE";"1";"2019-12-21 15:47:29";"2019-12-21 15:47:39"
"23";"14";"1576946855344_familyman.jpg";NULL;"NEWS";"IMAGE";"0";"2019-12-21 15:47:36";"2019-12-21 15:47:39"
"24";"15";"1576947108488_nonno.jpg";NULL;"NEWS";"IMAGE";"1";"2019-12-21 15:51:49";"2019-12-21 15:51:51"
"25";"16";"1576947299112_damosto3.jpg";NULL;"NEWS";"IMAGE";"1";"2019-12-21 15:55:00";"2019-12-21 15:55:11"
"26";"17";"1576948555723_acutiscop.jpg";NULL;"NEWS";"IMAGE";"1";"2019-12-21 16:15:56";"2019-12-21 16:15:59"
"27";"18";"1576948672650_libri4998big.jpg";NULL;"NEWS";"IMAGE";"0";"2019-12-21 16:17:53";"2019-12-21 16:18:04"
"28";"18";"1576948681150_rita3.jpg";NULL;"NEWS";"IMAGE";"1";"2019-12-21 16:18:01";"2019-12-21 16:18:04"
"29";"19";"1576948841134_dsc0145.jpg";NULL;"NEWS";"IMAGE";"1";"2019-12-21 16:20:45";"2019-12-21 16:21:30"
"30";"19";"1576948860662_dsc0147.jpg";NULL;"NEWS";"IMAGE";"0";"2019-12-21 16:21:01";"2019-12-21 16:21:29"
"31";"19";"1576948868376_dsc0166.jpg";NULL;"NEWS";"IMAGE";"0";"2019-12-21 16:21:09";"2019-12-21 16:21:29"
"32";"19";"1576948881391_dsc0173.jpg";NULL;"NEWS";"IMAGE";"0";"2019-12-21 16:21:22";"2019-12-21 16:21:29"
"33";"20";"1576949074436_341.jpg";NULL;"NEWS";"IMAGE";"1";"2019-12-21 16:24:35";"2019-12-21 16:26:01"
"34";"20";"1576949099501_noifamigliacopertina_jpg.jpg";NULL;"NEWS";"IMAGE";"0";"2019-12-21 16:25:02";"2019-12-21 16:26:01"
"35";"20";"1576949116081_noifamiglia1jpg.jpg";NULL;"NEWS";"IMAGE";"0";"2019-12-21 16:25:25";"2019-12-21 16:26:01"
"36";"20";"1576949153178_noifamiglia2jpg.jpg";NULL;"NEWS";"IMAGE";"0";"2019-12-21 16:25:55";"2019-12-21 16:26:01"
"37";"21";"1576949428720_cimit.jpeg";NULL;"NEWS";"IMAGE";"0";"2019-12-21 16:30:29";"2019-12-21 16:30:51"
"38";"21";"1576949438341_ahr3z3g01.jpg";NULL;"NEWS";"IMAGE";"0";"2019-12-21 16:30:38";"2019-12-21 16:30:51"
"39";"21";"1576949448145_02halloweenlondrabambini.jpg";NULL;"NEWS";"IMAGE";"1";"2019-12-21 16:30:48";"2019-12-21 16:30:51"
"40";"22";"1576949587813_silenzio2.jpg";NULL;"NEWS";"IMAGE";"1";"2019-12-21 16:33:09";"2019-12-21 16:33:16"
"41";"23";"1576949852788_copertina.jpg";NULL;"NEWS";"IMAGE";"1";"2019-12-21 16:37:33";"2019-12-21 17:18:15"
"42";"24";"1576950681173_copertina.jpg";NULL;"NEWS";"IMAGE";"1";"2019-12-21 16:51:21";"2019-12-21 16:55:26"
"43";"24";"1576950695210_papaudienzafisc16dic2017161220170132.jpg";NULL;"NEWS";"IMAGE";"0";"2019-12-21 16:51:36";"2019-12-21 16:55:26"
"45";"24";"1576950724995_papaudienzafisc16dic2017161220170043.jpg";NULL;"NEWS";"IMAGE";"0";"2019-12-21 16:52:09";"2019-12-21 16:55:26"
"46";"25";"1576951306286_copertina.jpg";NULL;"NEWS";"IMAGE";"1";"2019-12-21 17:01:47";"2019-12-21 17:02:38"
"48";"25";"1576951345532_fiscassemblea231120190119.jpg";NULL;"NEWS";"IMAGE";"0";"2019-12-21 17:02:26";"2019-12-21 17:02:38"
"49";"25";"1576951351187_assembleafisc1.jpg";NULL;"NEWS";"IMAGE";"0";"2019-12-21 17:02:31";"2019-12-21 17:02:38"
"50";"26";"1576951908455_copertina.jpg";NULL;"NEWS";"IMAGE";"1";"2019-12-21 17:11:49";"2019-12-21 17:12:45"
"51";"26";"1576951924173_dsc1075loreto.jpeg";NULL;"NEWS";"IMAGE";"0";"2019-12-21 17:12:05";"2019-12-21 17:12:45"
"53";"26";"1576951958682_dsc1106angelodonati.jpeg";NULL;"NEWS";"IMAGE";"0";"2019-12-21 17:12:40";"2019-12-21 17:12:45"
"54";"27";"1576952144231_cop.jpg";NULL;"NEWS";"IMAGE";"1";"2019-12-21 17:15:44";"2019-12-21 17:15:47"
"55";"28";"1576952689479_dsc1098.jpg";NULL;"NEWS";"IMAGE";"1";"2019-12-21 17:24:50";"2019-12-21 17:32:52"
"56";"28";"1576952703983_dsc1089.jpg";NULL;"NEWS";"IMAGE";"0";"2019-12-21 17:25:04";"2019-12-21 17:32:52"
"57";"28";"1576952712709_dsc1092.jpg";NULL;"NEWS";"IMAGE";"0";"2019-12-21 17:25:13";"2019-12-21 17:32:52"
"58";"28";"1576952726257_dsc1119.jpg";NULL;"NEWS";"IMAGE";"0";"2019-12-21 17:25:27";"2019-12-21 17:32:52"
"59";"28";"1576952744455_dsc1102.jpg";NULL;"NEWS";"IMAGE";"0";"2019-12-21 17:25:45";"2019-12-21 17:32:52"
"60";"28";"1576952760636_dsc1110.jpg";NULL;"NEWS";"IMAGE";"0";"2019-12-21 17:26:01";"2019-12-21 17:32:52"
"61";"28";"1576952777586_dsc1164.jpg";NULL;"NEWS";"IMAGE";"0";"2019-12-21 17:26:18";"2019-12-21 17:32:52"
"62";"28";"1576952794328_dsc1127.jpg";NULL;"NEWS";"IMAGE";"0";"2019-12-21 17:26:35";"2019-12-21 17:32:52"
"63";"28";"1576952803158_dsc1184.jpg";NULL;"NEWS";"IMAGE";"0";"2019-12-21 17:26:44";"2019-12-21 17:32:52"
"64";"28";"1576953001645_locandinagavassa_11916.pdf";NULL;"NEWS";"FILE";"0";"2019-12-21 17:30:02";"2019-12-21 17:30:02"
"65";"29";"1576954075092_pubblicoda_dietro.jpg";NULL;"NEWS";"IMAGE";"0";"2019-12-21 17:47:56";"2019-12-21 17:51:40"
"66";"29";"1576954090760_locandina2_maggio.jpg";NULL;"NEWS";"IMAGE";"0";"2019-12-21 17:48:11";"2019-12-21 17:51:40"
"67";"29";"1576954116283_tincaniin_piedi e vescovo seduto.jpg";NULL;"NEWS";"IMAGE";"1";"2019-12-21 17:48:37";"2019-12-21 17:51:40"
"70";"29";"1576954231020_vescovoin_piedi e tincani seduto.jpg";NULL;"NEWS";"IMAGE";"0";"2019-12-21 17:50:32";"2019-12-21 17:51:40"
"71";"29";"1576954249660_pubblicoda_davanti.jpg";NULL;"NEWS";"IMAGE";"0";"2019-12-21 17:50:50";"2019-12-21 17:51:40"
"72";"29";"1576954269969_coroe_ensemble musicale.jpg";NULL;"NEWS";"IMAGE";"0";"2019-12-21 17:51:10";"2019-12-21 17:51:40"
"73";"30";"1576954447414_dsc2270.jpg";NULL;"NEWS";"IMAGE";"1";"2019-12-21 17:54:09";"2019-12-21 17:54:32"
"74";"30";"1576954466906_dsc2266.jpg";NULL;"NEWS";"IMAGE";"0";"2019-12-21 17:54:27";"2019-12-21 17:54:32"
"75";"31";"1576954653306_dsc0653.jpg";NULL;"NEWS";"IMAGE";"1";"2019-12-21 17:57:35";"2019-12-21 17:58:03"
"76";"31";"1576954667316_dsc0685.jpg";NULL;"NEWS";"IMAGE";"0";"2019-12-21 17:57:48";"2019-12-21 17:58:03"
"77";"31";"1576954674942_dsc0687.jpg";NULL;"NEWS";"IMAGE";"0";"2019-12-21 17:57:56";"2019-12-21 17:58:03"
"78";"32";"1576954921899_dsc1718.jpg";NULL;"NEWS";"IMAGE";"1";"2019-12-21 18:02:03";"2019-12-21 18:02:44"
"79";"32";"1576954948651_dsc1743.jpg";NULL;"NEWS";"IMAGE";"0";"2019-12-21 18:02:29";"2019-12-21 18:02:44"
"81";"32";"1576955003656_diluci.jpg";NULL;"NEWS";"IMAGE";"0";"2019-12-21 18:03:24";"2019-12-21 18:03:24"
"82";"33";"1576955148964_dsc0339.jpg";NULL;"NEWS";"IMAGE";"1";"2019-12-21 18:05:50";"2019-12-21 18:06:26"
"83";"33";"1576955157487_dsc0300.jpg";NULL;"NEWS";"IMAGE";"0";"2019-12-21 18:05:58";"2019-12-21 18:06:26"
"84";"33";"1576955166502_dsc0307.jpg";NULL;"NEWS";"IMAGE";"0";"2019-12-21 18:06:08";"2019-12-21 18:06:26"
"85";"34";"1576955358006_dsc0770.jpg";NULL;"NEWS";"IMAGE";"0";"2019-12-21 18:09:20";"2019-12-21 18:09:42"
"86";"34";"1576955367410_dsc09201.jpg";NULL;"NEWS";"IMAGE";"0";"2019-12-21 18:09:28";"2019-12-21 18:09:42"
"87";"34";"1576955376027_copertina.jpg";NULL;"NEWS";"IMAGE";"1";"2019-12-21 18:09:36";"2019-12-21 18:09:42"
"88";"35";"1576955579944_copertina.jpg";NULL;"NEWS";"IMAGE";"1";"2019-12-21 18:13:00";"2019-12-21 18:13:44"
"89";"35";"1576955589314_dsc1102angelatripi.jpeg";NULL;"NEWS";"IMAGE";"0";"2019-12-21 18:13:12";"2019-12-21 18:13:44"
"90";"35";"1576955598594_dsc1073loreto.jpeg";NULL;"NEWS";"IMAGE";"0";"2019-12-21 18:13:20";"2019-12-21 18:13:44"
"91";"35";"1576955607095_dsc1128.jpeg";NULL;"NEWS";"IMAGE";"0";"2019-12-21 18:13:28";"2019-12-21 18:13:44"
"92";"36";"1577203716960_cop.jpg";NULL;"NEWS";"IMAGE";"1";"2019-12-24 15:10:05";"2019-12-24 15:10:09"
"93";"37";"1577989319269_cop.jpg";NULL;"NEWS";"IMAGE";"1";"2020-01-02 17:21:59";"2020-01-02 17:22:05"
"94";"37";"1577989332152_di_luci.jpg";NULL;"NEWS";"IMAGE";"0";"2020-01-02 17:22:13";"2020-01-02 17:22:13"
"95";"37";"1577989343029_dsc1721.jpg";NULL;"NEWS";"IMAGE";"0";"2020-01-02 17:22:24";"2020-01-02 17:22:24"
"96";"37";"1577989350904_dsc1723.jpg";NULL;"NEWS";"IMAGE";"0";"2020-01-02 17:22:32";"2020-01-02 17:22:32"
"97";"37";"1577989359958_dsc1728.jpg";NULL;"NEWS";"IMAGE";"0";"2020-01-02 17:22:41";"2020-01-02 17:22:41"
"98";"38";"1579026837633_cop.jpg";NULL;"NEWS";"IMAGE";"1";"2020-01-14 17:35:43";"2020-01-14 17:35:47"
"99";"38";"1579027333453_boquadro.jpg";NULL;"NEWS";"IMAGE";"0";"2020-01-14 17:44:00";"2020-01-14 17:44:00"
"100";"38";"1579027347400_boquadri.jpg";NULL;"NEWS";"IMAGE";"0";"2020-01-14 17:44:09";"2020-01-14 17:44:09"
"101";"38";"1579027354267_foto_prove a reggio 221219.jpg";NULL;"NEWS";"IMAGE";"0";"2020-01-14 17:44:16";"2020-01-14 17:44:16"
"102";"39";"1579464707307_cop.jpg";NULL;"NEWS";"IMAGE";"1";"2020-01-19 19:13:32";"2020-01-19 19:13:38"
"105";"40";"1580657120608_copertpaolo.jpg";NULL;"NEWS";"IMAGE";"1";"2020-02-02 14:27:18";"2020-02-02 14:27:26"
"107";"41";"1580659831602_coptincani_in concerto.jpg";NULL;"NEWS";"IMAGE";"1";"2020-02-02 15:12:27";"2020-02-02 15:12:31"
"108";"41";"1580659844084_concerto_semprini tincani.jpg";NULL;"NEWS";"IMAGE";"0";"2020-02-02 15:12:48";"2020-02-02 15:12:48"
"109";"41";"1580659863887_foto_171219.jpg";NULL;"NEWS";"IMAGE";"0";"2020-02-02 15:13:07";"2020-02-02 15:13:07"
"110";"42";"1580664680420_cop.jpg";NULL;"NEWS";"IMAGE";"1";"2020-02-02 16:31:20";"2020-02-02 16:31:24"
"111";"42";"1580664693827_5_febbraio castelnovo  b 1.jpg";NULL;"NEWS";"IMAGE";"0";"2020-02-02 16:31:35";"2020-02-02 16:31:35"
"112";"43";"1580996900893_copcast.jpg";NULL;"NEWS";"IMAGE";"1";"2020-02-06 12:48:20";"2020-02-06 12:48:26"
"113";"43";"1580996917813_dsc0401.jpg";NULL;"NEWS";"IMAGE";"0";"2020-02-06 12:48:38";"2020-02-06 12:48:38"
"114";"43";"1580996926089_dsc0405.jpg";NULL;"NEWS";"IMAGE";"0";"2020-02-06 12:48:46";"2020-02-06 12:48:46"
"115";"44";"1581176317225_cop.jpg";NULL;"NEWS";"IMAGE";"1";"2020-02-08 14:40:37";"2020-02-08 14:40:41"
"116";"45";"1581792310616_cop.jpg";NULL;"NEWS";"IMAGE";"1";"2020-02-15 17:47:18";"2020-02-15 17:47:23"
"117";"45";"1581792335178_incontro_cattolici e politica con vescovo.jpg";NULL;"NEWS";"FILE";"0";"2020-02-15 17:48:08";"2020-02-15 17:48:08"
"118";"46";"1582279906141_cop.jpg";NULL;"NEWS";"IMAGE";"1";"2020-02-21 09:13:55";"2020-02-21 09:13:59"
"119";"46";"1582279917741_dsc0872.jpg";NULL;"NEWS";"IMAGE";"0";"2020-02-21 09:14:17";"2020-02-21 09:14:17"
"120";"46";"1582279938106_dsc0881.jpg";NULL;"NEWS";"IMAGE";"0";"2020-02-21 09:14:33";"2020-02-21 09:14:33"
"121";"47";"1582563190544_cop.jpg";NULL;"NEWS";"IMAGE";"1";"2020-02-24 15:53:10";"2020-02-24 15:53:14"
"122";"47";"1582563216668_dsc0981.jpg";NULL;"NEWS";"IMAGE";"0";"2020-02-24 15:53:37";"2020-02-24 15:53:37"
"123";"47";"1582563224432_dsc0993.jpg";NULL;"NEWS";"IMAGE";"0";"2020-02-24 15:53:45";"2020-02-24 15:53:45"
"124";"47";"1582563231783_dsc0984.jpg";NULL;"NEWS";"IMAGE";"0";"2020-02-24 15:53:52";"2020-02-24 15:53:52"
"125";"47";"1582563240144_dsc1023.jpg";NULL;"NEWS";"IMAGE";"0";"2020-02-24 15:54:00";"2020-02-24 15:54:00"
"126";"47";"1582563249664_dsc1072.jpg";NULL;"NEWS";"IMAGE";"0";"2020-02-24 15:54:10";"2020-02-24 15:54:10"
"127";"47";"1582563260518_dsc1096.jpg";NULL;"NEWS";"IMAGE";"0";"2020-02-24 15:54:21";"2020-02-24 15:54:21"
"128";"47";"1582563274302_dsc1107.jpg";NULL;"NEWS";"IMAGE";"0";"2020-02-24 15:54:35";"2020-02-24 15:54:35"
"129";"47";"1582563286807_dsc0974.jpg";NULL;"NEWS";"IMAGE";"0";"2020-02-24 15:54:47";"2020-02-24 15:54:47"
"130";"47";"1582563297855_dsc1093.jpg";NULL;"NEWS";"IMAGE";"0";"2020-02-24 15:54:58";"2020-02-24 15:54:58"
"131";"47";"1582563313889_dsc1078.jpg";NULL;"NEWS";"IMAGE";"0";"2020-02-24 15:55:14";"2020-02-24 15:55:14"
"132";"48";"1583265415542_cop.jpg";NULL;"NEWS";"IMAGE";"1";"2020-03-03 18:59:16";"2020-03-03 18:59:22"
"133";"49";"1584033081575_cop.jpg";NULL;"NEWS";"IMAGE";"1";"2020-03-12 16:13:52";"2020-03-12 16:14:13"
"134";"50";"1584981288409_cop.jpg";NULL;"NEWS";"IMAGE";"1";"2020-03-23 15:37:28";"2020-03-23 15:37:32"
"135";"51";"1585159366917_cop.jpg";NULL;"NEWS";"IMAGE";"1";"2020-03-25 17:02:47";"2020-03-25 17:02:50"
"137";"52";"1585322430033_cop.jpg";NULL;"NEWS";"IMAGE";"1";"2020-03-27 14:23:11";"2020-03-27 14:23:14"
"138";"52";"1585322447795_perinemilio002.jpg";NULL;"NEWS";"IMAGE";"0";"2020-03-27 14:23:31";"2020-03-27 14:23:31"
"140";"52";"1585322567932_donemilio20013.jpg";NULL;"NEWS";"IMAGE";"0";"2020-03-27 14:25:40";"2020-03-27 14:25:40"
"141";"53";"1585675545043_cop.jpg";NULL;"NEWS";"IMAGE";"1";"2020-03-31 15:28:24";"2020-03-31 15:28:31"
"142";"54";"1585681993012_cop.jpg";NULL;"NEWS";"IMAGE";"1";"2020-03-31 17:15:52";"2020-03-31 17:15:55"
"143";"54";"1585682005200_whatsapp_image 20200325 at 11.49.02.jpeg";NULL;"NEWS";"IMAGE";"0";"2020-03-31 17:16:05";"2020-03-31 17:16:05"
"145";"54";"1585682330642_c.png";NULL;"NEWS";"IMAGE";"0";"2020-03-31 17:21:30";"2020-03-31 17:21:30"
"146";"55";"1585739063531_cop.jpg";NULL;"NEWS";"IMAGE";"1";"2020-04-01 09:07:02";"2020-04-01 09:07:10"
"147";"56";"1586193486843_cop.jpg";NULL;"NEWS";"IMAGE";"1";"2020-04-06 15:18:07";"2020-04-06 15:18:12"
"148";"56";"1586193503876_d._a. debbi.jpg";NULL;"NEWS";"IMAGE";"0";"2020-04-06 15:18:24";"2020-04-06 15:18:24"
"149";"56";"1586193518053_dsc1403.jpg";NULL;"NEWS";"IMAGE";"0";"2020-04-06 15:18:39";"2020-04-06 15:18:39"
"150";"57";"1586341256127_cop.jpg";NULL;"NEWS";"IMAGE";"1";"2020-04-08 08:23:39";"2020-04-08 08:23:43"
"151";"58";"1586957974974_cop.jpg";NULL;"NEWS";"IMAGE";"1";"2020-04-15 11:42:22";"2020-04-15 11:42:26"
"152";"59";"1586959178308_cop.jpg";NULL;"NEWS";"IMAGE";"1";"2020-04-15 12:02:25";"2020-04-15 12:02:27"
"153";"60";"1587553289771_cop.jpg";NULL;"NEWS";"IMAGE";"1";"2020-04-22 09:04:20";"2020-04-22 09:04:28"
"154";"61";"1587733057938_cop.jpg";NULL;"NEWS";"IMAGE";"1";"2020-04-24 11:00:29";"2020-04-24 11:00:34"
"155";"62";"1588159659421_copert.jpg";NULL;"NEWS";"IMAGE";"1";"2020-04-29 09:30:33";"2020-04-29 09:30:37"
"156";"63";"1588766972888_cop.jpg";NULL;"NEWS";"IMAGE";"1";"2020-05-06 10:12:31";"2020-05-06 10:12:39"
"158";"64";"1589372684275_cop.jpg";NULL;"NEWS";"IMAGE";"1";"2020-05-13 10:27:45";"2020-05-13 10:27:49"
"159";"65";"1589445537338_cop.jpg";NULL;"NEWS";"IMAGE";"1";"2020-05-14 06:41:59";"2020-05-14 06:42:04"
"160";"66";"1589805715867_cop.jpg";NULL;"NEWS";"IMAGE";"1";"2020-05-18 10:41:56";"2020-05-18 10:42:00"
"161";"67";"1589969706866_cop.jpg";NULL;"NEWS";"IMAGE";"1";"2020-05-20 08:18:14";"2020-05-20 08:18:17"
"162";"68";"1589970509024_cop.jpg";NULL;"NEWS";"IMAGE";"1";"2020-05-20 08:31:35";"2020-05-20 08:31:39"
"163";"69";"1590589085668_cop.jpg";NULL;"NEWS";"IMAGE";"1";"2020-05-27 12:21:16";"2020-05-27 12:21:21"
"164";"70";"1590595272969_cop.jpg";NULL;"NEWS";"IMAGE";"1";"2020-05-27 14:04:23";"2020-05-27 14:04:27"
"165";"70";"1590595291687_dsc0514.jpg";NULL;"NEWS";"IMAGE";"0";"2020-05-27 14:04:48";"2020-05-27 14:04:48"
"166";"70";"1590595322113_dsc0510.jpg";NULL;"NEWS";"IMAGE";"0";"2020-05-27 14:05:20";"2020-05-27 14:05:20"
"167";"71";"1590842878526_altracop.jpg";NULL;"NEWS";"IMAGE";"1";"2020-05-30 10:51:11";"2020-05-30 10:51:28"
"168";"71";"1590843243256_abita_la terravivi con fede web.jpg";NULL;"NEWS";"IMAGE";"0";"2020-05-30 10:57:26";"2020-05-30 10:57:26"
"169";"71";"1590843265016_abita_la terravivi con fede web.jpg";NULL;"NEWS";"FILE";"0";"2020-05-30 10:58:03";"2020-05-30 10:58:03"
"170";"71";"1590847194365_zamagniferraresi.jpg";NULL;"NEWS";"IMAGE";"0";"2020-05-30 12:03:10";"2020-05-30 12:03:10"
"171";"72";"1591183791092_cop.jpg";NULL;"NEWS";"IMAGE";"1";"2020-06-03 09:29:51";"2020-06-03 09:29:54"
"172";"73";"1591729366968_cop.jpg";NULL;"NEWS";"IMAGE";"1";"2020-06-09 17:06:06";"2020-06-09 17:06:09"
"173";"74";"1591788152851_cop.jpg";NULL;"NEWS";"IMAGE";"1";"2020-06-10 09:25:51";"2020-06-10 09:25:56"
"174";"75";"1592383778796_cop.jpg";NULL;"NEWS";"IMAGE";"1";"2020-06-17 06:49:38";"2020-06-17 06:49:42"
"175";"76";"1592994277536_cop.jpg";NULL;"NEWS";"IMAGE";"1";"2020-06-24 08:24:37";"2020-06-24 08:24:41"
"176";"77";"1592995377489_cop.jpg";NULL;"NEWS";"IMAGE";"1";"2020-06-24 08:42:58";"2020-06-24 08:43:01"
"181";"77";"1593006904242_dsc0023.jpeg";NULL;"NEWS";"IMAGE";"0";"2020-06-24 11:58:36";"2020-06-24 11:58:36"
"182";"77";"1593006917277_dsc0076.jpeg";NULL;"NEWS";"IMAGE";"0";"2020-06-24 11:58:51";"2020-06-24 11:58:51"
"183";"77";"1593006933595_dsc0027.jpeg";NULL;"NEWS";"IMAGE";"0";"2020-06-24 11:59:08";"2020-06-24 11:59:08"
"184";"78";"1593368547082_cop.jpg";NULL;"NEWS";"IMAGE";"1";"2020-06-28 16:25:56";"2020-06-28 16:26:00"
"185";"79";"1594316314015_cop.jpg";NULL;"NEWS";"IMAGE";"1";"2020-07-09 15:42:18";"2020-08-27 05:00:54"
"186";"80";"1597047094655_cop.jpg";NULL;"NEWS";"IMAGE";"1";"2020-08-10 06:11:34";"2020-08-10 06:11:38"
"187";"81";"1597252004976_cop.jpg";NULL;"NEWS";"IMAGE";"1";"2020-08-12 15:10:37";"2020-08-12 15:10:41"
"188";"81";"1597252032394_volantino_jpg.jpg";NULL;"NEWS";"FILE";"0";"2020-08-12 15:11:33";"2020-08-12 15:11:33"
"189";"82";"1597256692594_cop.jpg";NULL;"NEWS";"IMAGE";"1";"2020-08-12 16:28:45";"2020-08-12 16:29:18"
"190";"83";"1598425554309_cop.jpg";NULL;"NEWS";"IMAGE";"1";"2020-08-26 05:05:53";"2020-08-26 05:05:57"
"192";"84";"1599045254299_cop.jpg";NULL;"NEWS";"IMAGE";"1";"2020-09-02 09:14:14";"2020-09-02 09:14:18"
"193";"85";"1599665748411_cop.jpg";NULL;"NEWS";"IMAGE";"1";"2020-09-09 13:40:01";"2020-09-09 13:40:05"
"194";"86";"1601299970739_cop.jpg";NULL;"NEWS";"IMAGE";"1";"2020-09-28 11:32:51";"2020-09-28 11:32:55"
"195";"87";"1601636578460_cop.jpg";NULL;"NEWS";"IMAGE";"1";"2020-10-02 09:02:57";"2020-10-02 09:03:01"
"196";"88";"1602053605997_cop.jpg";NULL;"NEWS";"IMAGE";"1";"2020-10-07 04:53:25";"2020-10-07 04:53:30"
"197";"89";"1603211519005_cop.png";NULL;"NEWS";"IMAGE";"1";"2020-10-20 14:36:37";"2020-10-20 14:36:40"
"198";"90";"1603622515572_cop.jpg";NULL;"NEWS";"IMAGE";"1";"2020-10-25 09:46:35";"2020-10-25 09:46:39"
"199";"90";"1603622535450_dsc1383.jpg";NULL;"NEWS";"IMAGE";"0";"2020-10-25 09:47:03";"2020-10-25 09:47:03"
"200";"90";"1603622558090_dsc1310.jpg";NULL;"NEWS";"IMAGE";"0";"2020-10-25 09:47:25";"2020-10-25 09:47:25"
"201";"90";"1603622585203_dsc1327.jpg";NULL;"NEWS";"IMAGE";"0";"2020-10-25 09:47:53";"2020-10-25 09:47:53"
"202";"91";"1605363408877_cop.jpg";NULL;"NEWS";"IMAGE";"1";"2020-11-14 14:21:40";"2020-11-14 14:21:44"
"203";"92";"1605985350911_cop.jpg";NULL;"NEWS";"IMAGE";"1";"2020-11-21 19:07:27";"2020-11-21 19:07:31"
"204";"92";"1605985369906_dsc0087_1.jpg";NULL;"NEWS";"IMAGE";"0";"2020-11-21 19:07:52";"2020-11-21 19:07:52"
"205";"92";"1605985386782_dsc0138.jpg";NULL;"NEWS";"IMAGE";"0";"2020-11-21 19:08:06";"2020-11-21 19:08:06"
"206";"92";"1605985491204_dsc0131.jpg";NULL;"NEWS";"IMAGE";"0";"2020-11-21 19:09:52";"2020-11-21 19:09:52"
"207";"93";"1606225200560_cop.jpg";NULL;"NEWS";"IMAGE";"1";"2020-11-24 13:44:57";"2020-11-24 13:45:02"
"208";"93";"1606225219376_cop.jpg";NULL;"NEWS";"IMAGE";"0";"2020-11-24 13:45:16";"2020-11-24 13:45:16"
"209";"93";"1606225232863_dsc0519.jpeg";NULL;"NEWS";"IMAGE";"0";"2020-11-24 13:45:39";"2020-11-24 13:45:39"
"211";"94";"1607250616105_copcopok.jpg";NULL;"NEWS";"IMAGE";"1";"2020-12-06 10:35:20";"2020-12-06 10:35:23"
"212";"94";"1607252643105_promo_intera.jpg";NULL;"NEWS";"FILE";"0";"2020-12-06 11:09:24";"2020-12-06 11:09:24"
"214";"95";"1607449447113_pag.jpg";NULL;"NEWS";"IMAGE";"0";"2020-12-08 17:49:29";"2020-12-08 17:54:59"
"215";"95";"1607449579774_copertinajpg.jpg";NULL;"NEWS";"IMAGE";"0";"2020-12-08 17:51:27";"2020-12-08 17:54:59"
"216";"95";"1607449749362_copet.jpg";NULL;"NEWS";"IMAGE";"1";"2020-12-08 17:54:14";"2020-12-08 17:54:59"
"217";"96";"1608285250394_cop.jpg";NULL;"NEWS";"IMAGE";"1";"2020-12-18 09:54:09";"2020-12-18 09:54:14"
"218";"97";"1608811133590_cop.jpg";NULL;"NEWS";"IMAGE";"1";"2020-12-24 12:04:07";"2020-12-24 12:04:12"
"219";"98";"1612118615964_copgazzetta.jpg";NULL;"NEWS";"IMAGE";"1";"2021-01-31 18:49:06";"2021-01-31 18:49:10"
"220";"99";"1612268282653_cop.jpg";NULL;"NEWS";"IMAGE";"1";"2021-02-02 12:18:07";"2021-02-02 12:18:12"
"221";"100";"1614600636710_cop.jpg";NULL;"NEWS";"IMAGE";"1";"2021-03-01 12:10:40";"2021-03-01 12:10:43"
"222";"100";"1614600646288_dsc0714.jpg";NULL;"NEWS";"IMAGE";"0";"2021-03-01 12:10:49";"2021-03-01 12:10:49"
"223";"101";"1614601288101_cop.jpg";NULL;"NEWS";"IMAGE";"1";"2021-03-01 12:21:31";"2021-03-01 12:21:40"
"224";"101";"1614601302671_dongigicaritas2.jpg";NULL;"NEWS";"IMAGE";"0";"2021-03-01 12:21:46";"2021-03-01 12:21:46"
"225";"102";"1614871797989_cop.jpg";NULL;"NEWS";"IMAGE";"1";"2021-03-04 15:29:57";"2021-03-04 15:30:00"
"226";"103";"1615281512338_cop.jpg";NULL;"NEWS";"IMAGE";"1";"2021-03-09 09:18:32";"2021-03-09 09:18:40"
"228";"104";"1615809390014_copok.jpg";NULL;"NEWS";"IMAGE";"1";"2021-03-15 11:56:32";"2021-03-15 11:56:36"
"229";"105";"1616149486941_cop.jpg";NULL;"NEWS";"IMAGE";"1";"2021-03-19 10:24:45";"2021-03-24 10:21:39"
"231";"105";"1616581054235_paolabignardi.jpg";NULL;"NEWS";"IMAGE";"0";"2021-03-24 10:17:34";"2021-03-24 10:21:39"
"232";"105";"1616581073768_andreariccardi3.jpg";NULL;"NEWS";"IMAGE";"0";"2021-03-24 10:17:53";"2021-03-24 10:21:39"
"233";"105";"1616581184126_cb.jpeg";NULL;"NEWS";"FILE";"0";"2021-03-24 10:19:44";"2021-03-24 10:19:44"
"234";"106";"1617789909398_cop.jpg";NULL;"NEWS";"IMAGE";"1";"2021-04-07 10:05:09";"2021-04-07 10:05:13"
"235";"107";"1617791499157_cop.jpg";NULL;"NEWS";"IMAGE";"1";"2021-04-07 10:31:39";"2021-04-07 10:31:43"
"236";"108";"1619451569448_cop.jpg";NULL;"NEWS";"IMAGE";"1";"2021-04-26 15:39:30";"2021-04-26 15:39:34"
"239";"109";"1619452982969_cop3.jpg";NULL;"NEWS";"IMAGE";"1";"2021-04-26 16:03:04";"2021-04-26 16:03:06"
"240";"110";"1619453673022_cop.jpg";NULL;"NEWS";"IMAGE";"1";"2021-04-26 16:14:34";"2021-04-26 16:14:37"
"241";"110";"1619453830039_dsc1484.jpg";NULL;"NEWS";"IMAGE";"0";"2021-04-26 16:17:12";"2021-04-26 16:17:12"
"242";"111";"1620116143670_cop.jpg";NULL;"NEWS";"IMAGE";"1";"2021-05-04 08:15:46";"2021-05-04 08:15:50"
"243";"112";"1620730327495_cop.jpg";NULL;"NEWS";"IMAGE";"1";"2021-05-11 10:52:08";"2021-05-11 10:52:11"
"244";"113";"1622380925101_cop.jpg";NULL;"NEWS";"IMAGE";"1";"2021-05-30 13:28:32";"2021-05-30 13:28:36"
"245";"114";"1623148230994_cop.jpg";NULL;"NEWS";"IMAGE";"1";"2021-06-08 10:30:30";"2021-06-08 10:30:33"
"246";"114";"1623218291389_scena.jpeg";NULL;"NEWS";"IMAGE";"0";"2021-06-09 05:58:10";"2021-06-09 05:58:10"
"247";"114";"1623218299847_sanpelleshow.jpeg";NULL;"NEWS";"IMAGE";"0";"2021-06-09 05:58:19";"2021-06-09 05:58:19"
"248";"115";"1623316744131_cop.jpg";NULL;"NEWS";"IMAGE";"1";"2021-06-10 09:19:03";"2021-06-10 09:19:06"
"249";"115";"1623316758287_foto.jpg";NULL;"NEWS";"IMAGE";"0";"2021-06-10 09:19:19";"2021-06-10 09:19:19"
"250";"116";"1624125252102_cop.jpg";NULL;"NEWS";"IMAGE";"1";"2021-06-19 17:54:12";"2021-06-19 17:54:16"
"258";"116";"1624125448519_p1136020.jpg";NULL;"NEWS";"IMAGE";"0";"2021-06-19 17:57:31";"2021-06-19 17:57:31"
"259";"116";"1624125461744_p1136021.jpg";NULL;"NEWS";"IMAGE";"0";"2021-06-19 17:57:43";"2021-06-19 17:57:43"
"260";"116";"1624125473760_p1136049.jpg";NULL;"NEWS";"IMAGE";"0";"2021-06-19 17:57:55";"2021-06-19 17:57:55"
"261";"116";"1624125482065_p1136096.jpg";NULL;"NEWS";"IMAGE";"0";"2021-06-19 17:58:03";"2021-06-19 17:58:03"
"262";"116";"1624125491974_p1136108.jpg";NULL;"NEWS";"IMAGE";"0";"2021-06-19 17:58:13";"2021-06-19 17:58:13"
"263";"116";"1624125503224_p1136602.jpg";NULL;"NEWS";"IMAGE";"0";"2021-06-19 17:58:25";"2021-06-19 17:58:25"
"264";"116";"1624125520443_p1136694.jpg";NULL;"NEWS";"IMAGE";"0";"2021-06-19 17:58:42";"2021-06-19 17:58:42"
"265";"116";"1624125530866_p1136820.jpg";NULL;"NEWS";"IMAGE";"0";"2021-06-19 17:58:56";"2021-06-19 17:58:56"
"266";"116";"1624125546620_p1136789.jpg";NULL;"NEWS";"IMAGE";"0";"2021-06-19 17:59:08";"2021-06-19 17:59:08"
"267";"117";"1630397099652_cop.jpg";NULL;"NEWS";"IMAGE";"1";"2021-08-31 08:05:01";"2021-12-13 15:33:47"
"269";"118";"1631259375391_copvera.jpg";NULL;"NEWS";"IMAGE";"1";"2021-09-10 07:36:15";"2021-09-10 07:36:18"
"270";"119";"1633015582468_cop.jpg";NULL;"NEWS";"IMAGE";"1";"2021-09-30 15:26:23";"2021-09-30 15:26:26"
"271";"120";"1635346585725_cop.jpg";NULL;"NEWS";"IMAGE";"1";"2021-10-27 14:56:26";"2021-10-27 14:56:29"
"272";"121";"1637757842419_cop.jpg";NULL;"NEWS";"IMAGE";"1";"2021-11-24 12:44:00";"2021-11-24 12:44:03"
"273";"122";"1637767675967_cop.jpg";NULL;"NEWS";"IMAGE";"1";"2021-11-24 15:27:56";"2021-11-24 15:28:03"
"274";"122";"1637767762897_evento_4 dicembre 2021 reggio emilia.pdf";NULL;"NEWS";"FILE";"0";"2021-11-24 15:29:25";"2021-11-24 15:29:25"
"275";"123";"1638460588907_cop.jpg";NULL;"NEWS";"IMAGE";"1";"2021-12-02 15:56:29";"2021-12-02 15:56:32"
"276";"124";"1638969287334_cop.jpg";NULL;"NEWS";"IMAGE";"1";"2021-12-08 13:14:46";"2021-12-08 13:14:50"
"278";"124";"1638969356716_dsc0488.jpg";NULL;"NEWS";"IMAGE";"0";"2021-12-08 13:16:06";"2021-12-08 13:16:06"
"279";"124";"1638969385401_dsc0474.jpg";NULL;"NEWS";"IMAGE";"0";"2021-12-08 13:16:35";"2021-12-08 13:16:35"
"280";"124";"1638969412936_dsc0505.jpg";NULL;"NEWS";"IMAGE";"0";"2021-12-08 13:17:08";"2021-12-08 13:17:08"
"281";"125";"1639341956631_cop.jpg";NULL;"NEWS";"IMAGE";"1";"2021-12-12 20:45:57";"2021-12-12 20:46:00"
"282";"126";"1639407773203_cop.jpg";NULL;"NEWS";"IMAGE";"1";"2021-12-13 15:02:54";"2021-12-13 15:03:02"
"284";"126";"1639407821465_image0.jpeg";NULL;"NEWS";"IMAGE";"0";"2021-12-13 15:03:44";"2021-12-13 15:03:44"
"285";"126";"1639407854659_image3.jpeg";NULL;"NEWS";"IMAGE";"0";"2021-12-13 15:04:16";"2021-12-13 15:04:16"
"286";"126";"1639407864011_image2.jpeg";NULL;"NEWS";"IMAGE";"0";"2021-12-13 15:04:27";"2021-12-13 15:04:27"
"287";"127";"1639923454967_cop.jpg";NULL;"NEWS";"IMAGE";"1";"2021-12-19 14:17:34";"2021-12-19 14:17:37"
"288";"127";"1639923470658_dsc0760.jpg";NULL;"NEWS";"IMAGE";"0";"2021-12-19 14:17:59";"2021-12-19 14:17:59"
"289";"127";"1639923493525_dsc0754.jpg";NULL;"NEWS";"IMAGE";"0";"2021-12-19 14:18:20";"2021-12-19 14:18:20"
"290";"128";"1640877763278_cop.jpg";NULL;"NEWS";"IMAGE";"1";"2021-12-30 15:22:42";"2021-12-30 15:22:46"
"291";"129";"1642010976746_copfrog.jpg";NULL;"NEWS";"IMAGE";"1";"2022-01-12 18:09:36";"2022-01-12 18:37:48"
"292";"130";"1642948457283_cop.png";NULL;"NEWS";"IMAGE";"1";"2022-01-23 14:34:16";"2022-01-23 14:34:20"
"293";"130";"1642948469385_fuoco_di betania 2022 1.pdf";NULL;"NEWS";"FILE";"0";"2022-01-23 14:34:29";"2022-01-23 14:34:29"
"294";"131";"1644346252508_cop.jpg";NULL;"NEWS";"IMAGE";"1";"2022-02-08 18:50:52";"2022-02-08 18:50:56"
"295";"132";"1644416992941_cop.jpg";NULL;"NEWS";"IMAGE";"1";"2022-02-09 14:29:53";"2022-02-09 14:29:55"
"296";"133";"1644851071477_2_fuoco di betania 2022 2.pdf";NULL;"NEWS";"FILE";"0";"2022-02-14 15:04:35";"2022-02-14 15:04:35"
"297";"133";"1644851907484_cop.jpg";NULL;"NEWS";"IMAGE";"1";"2022-02-14 15:18:29";"2022-02-14 15:18:32"
"298";"134";"1645445038329_cop.jpg";NULL;"NEWS";"IMAGE";"1";"2022-02-21 12:03:59";"2022-02-21 12:04:02"
"299";"134";"1645445050418_dsc0894.jpg";NULL;"NEWS";"IMAGE";"0";"2022-02-21 12:04:14";"2022-02-21 12:04:14"
"300";"134";"1645445067642_dsc0917.jpg";NULL;"NEWS";"IMAGE";"0";"2022-02-21 12:04:29";"2022-02-21 12:04:29"
"301";"135";"1645726302117_copnew.jpg";NULL;"NEWS";"IMAGE";"1";"2022-02-24 18:11:42";"2022-02-24 18:11:47"
"302";"136";"1647537268454_cop.png";NULL;"NEWS";"IMAGE";"1";"2022-03-17 17:14:28";"2022-03-17 17:14:30"
"303";"137";"1649686701119_copnews.jpg";NULL;"NEWS";"IMAGE";"1";"2022-04-11 14:18:23";"2022-04-11 14:18:26"
"304";"138";"1649883045198_cop.jpg";NULL;"NEWS";"IMAGE";"1";"2022-04-13 20:50:50";"2022-04-13 20:53:16"
"305";"138";"1649883057771_dsc1456.jpg";NULL;"NEWS";"FILE";"0";"2022-04-13 20:51:16";"2022-04-13 20:51:16"
"306";"138";"1649883102641_dsc1468.jpg";NULL;"NEWS";"FILE";"0";"2022-04-13 20:52:02";"2022-04-13 20:52:02"
"307";"138";"1649883129395_dsc1475.jpg";NULL;"NEWS";"FILE";"0";"2022-04-13 20:52:37";"2022-04-13 20:52:37"
"308";"139";"1650123425928_fdwhv9.pdf";NULL;"NEWS";"FILE";"0";"2022-04-16 15:37:10";"2022-04-16 15:37:10"
"309";"139";"1650123506829_cop.jpg";NULL;"NEWS";"IMAGE";"1";"2022-04-16 15:38:27";"2022-04-16 15:38:29"
"310";"140";"1651513534975_cop.jpg";NULL;"NEWS";"IMAGE";"1";"2022-05-02 17:45:35";"2022-05-02 17:45:38"
"312";"141";"1651672609334_cop.jpg";NULL;"NEWS";"IMAGE";"1";"2022-05-04 13:56:49";"2022-05-04 13:57:15"
"313";"142";"1652779655614_cop.jpg";NULL;"NEWS";"IMAGE";"1";"2022-05-17 09:27:35";"2022-05-17 09:27:38"
"315";"143";"1653334295609_sagrino.pdf";NULL;"NEWS";"FILE";"0";"2022-05-23 19:31:39";"2022-05-23 19:31:39"
"317";"143";"1653389505959_cop1.jpg";NULL;"NEWS";"IMAGE";"1";"2022-05-24 10:51:46";"2022-05-24 10:52:08"
"318";"144";"1653918304869_cop.jpg";NULL;"NEWS";"IMAGE";"1";"2022-05-30 13:45:05";"2022-05-30 13:45:09"
"319";"144";"1653918631328_sp1.jpg";NULL;"NEWS";"FILE";"0";"2022-05-30 13:50:37";"2022-05-30 13:50:37"
"320";"144";"1653918673106_sp2.jpg";NULL;"NEWS";"FILE";"0";"2022-05-30 13:51:16";"2022-05-30 13:51:16"
"321";"144";"1653918696658_sp3.jpg";NULL;"NEWS";"FILE";"0";"2022-05-30 13:51:42";"2022-05-30 13:51:42"
"322";"144";"1653918715268_sp4.jpg";NULL;"NEWS";"FILE";"0";"2022-05-30 13:51:58";"2022-05-30 13:51:58"
"323";"144";"1653918726459_sp5.jpg";NULL;"NEWS";"FILE";"0";"2022-05-30 13:52:14";"2022-05-30 13:52:14"
"324";"145";"1654788771773_cop.jpg";NULL;"NEWS";"IMAGE";"1";"2022-06-09 15:32:51";"2022-06-09 15:32:56"
"325";"145";"1654788807812_cena_betania.jpeg";NULL;"NEWS";"FILE";"0";"2022-06-09 15:33:27";"2022-06-09 15:33:27"
"326";"146";"1655042493702_cop.jpg";NULL;"NEWS";"IMAGE";"1";"2022-06-12 14:01:35";"2022-06-12 14:01:38"
"327";"146";"1655042505158_panorama.jpg";NULL;"NEWS";"FILE";"0";"2022-06-12 14:02:01";"2022-06-12 14:02:01"
"328";"146";"1655042533516_la_notte silenziosa.jpg";NULL;"NEWS";"FILE";"0";"2022-06-12 14:02:27";"2022-06-12 14:02:27"
"329";"147";"1656414830793_cop.jpg";NULL;"NEWS";"IMAGE";"1";"2022-06-28 11:13:51";"2022-06-28 11:13:54"
"331";"147";"1656414940213_dsc0102.jpg";NULL;"NEWS";"IMAGE";"0";"2022-06-28 11:15:43";"2022-06-28 11:15:43"
"332";"147";"1656414953824_dsc0093.jpg";NULL;"NEWS";"IMAGE";"0";"2022-06-28 11:15:57";"2022-06-28 11:15:57"
"333";"147";"1656414969038_dsc0115.jpg";NULL;"NEWS";"IMAGE";"0";"2022-06-28 11:16:10";"2022-06-28 11:16:10"
"334";"148";"1659461441162_salotto_letterario con vista sul castello.jpeg";NULL;"NEWS";"FILE";"0";"2022-08-02 17:30:44";"2022-08-02 17:30:44"
"335";"148";"1659462057194_cop.jpg";NULL;"NEWS";"IMAGE";"1";"2022-08-02 17:40:59";"2022-08-02 17:41:03"
"337";"150";"1659950901309_cop.jpg";NULL;"NEWS";"IMAGE";"1";"2022-08-08 09:28:21";"2022-08-08 09:28:24"
"338";"148";"1661076496308_locandina_20 agosto 2022.jpg";NULL;"NEWS";"FILE";"0";"2022-08-21 10:08:18";"2022-08-21 10:08:18"
"340";"149";"1661605989580_cop1.jpg";NULL;"NEWS";"IMAGE";"1";"2022-08-27 13:13:11";"2022-08-27 13:13:15"
"341";"151";"1661943105894_gazzetta_ritaglio.jpg";NULL;"NEWS";"FILE";"0";"2022-08-31 10:51:46";"2022-08-31 10:51:46"
"342";"151";"1661943122426_cop.jpg";NULL;"NEWS";"IMAGE";"1";"2022-08-31 10:52:02";"2022-08-31 10:52:06"
"343";"151";"1661943162037_poeti_agli orti.jpeg";NULL;"NEWS";"FILE";"0";"2022-08-31 10:52:42";"2022-08-31 10:52:42"
"344";"152";"1661945887643_cop.jpg";NULL;"NEWS";"IMAGE";"1";"2022-08-31 11:38:08";"2022-08-31 11:38:12"
"345";"152";"1661945897147_locandina_serate nel chiostro.pdf";NULL;"NEWS";"FILE";"0";"2022-08-31 11:38:17";"2022-08-31 11:38:17"
"346";"153";"1661955040891_cop.jpg";NULL;"NEWS";"IMAGE";"1";"2022-08-31 14:10:41";"2022-08-31 14:10:45"
"347";"153";"1661955052202_cartellone.jpg";NULL;"NEWS";"IMAGE";"0";"2022-08-31 14:10:52";"2022-08-31 14:10:52"
"348";"153";"1661955066218_elaborati.jpg";NULL;"NEWS";"IMAGE";"0";"2022-08-31 14:11:06";"2022-08-31 14:11:06"
"349";"153";"1661955077241_aula_carpineti.jpg";NULL;"NEWS";"IMAGE";"0";"2022-08-31 14:11:17";"2022-08-31 14:11:17"
"350";"151";"1662015494272_foto_poeti orti spallanzani 3182022.jpg";NULL;"NEWS";"IMAGE";"0";"2022-09-01 06:58:14";"2022-09-01 06:58:14"
"351";"154";"1662476389721_cop.jpg";NULL;"NEWS";"IMAGE";"1";"2022-09-06 14:59:49";"2022-09-06 14:59:52"
"352";"155";"1663004721309_cop.jpg";NULL;"NEWS";"IMAGE";"1";"2022-09-12 17:45:22";"2022-09-12 17:45:24"
"353";"155";"1663005258167_live1.jpg";NULL;"NEWS";"IMAGE";"0";"2022-09-12 17:54:27";"2022-09-12 17:54:27"
"354";"155";"1663005414150_live2.jpg";NULL;"NEWS";"IMAGE";"0";"2022-09-12 17:57:03";"2022-09-12 17:57:03"
"355";"155";"1663005438004_live3.jpg";NULL;"NEWS";"IMAGE";"0";"2022-09-12 17:57:26";"2022-09-12 17:57:26"
"356";"155";"1663005457932_live4.jpg";NULL;"NEWS";"IMAGE";"0";"2022-09-12 17:57:47";"2022-09-12 17:57:47"
"357";"155";"1663005481595_live5.jpg";NULL;"NEWS";"IMAGE";"0";"2022-09-12 17:58:10";"2022-09-12 17:58:10"
"358";"155";"1663005500658_live6.jpg";NULL;"NEWS";"IMAGE";"0";"2022-09-12 17:58:29";"2022-09-12 17:58:29"
"359";"156";"1663076733673_cop.jpg";NULL;"NEWS";"IMAGE";"1";"2022-09-13 13:45:33";"2022-09-13 13:45:36"
"360";"156";"1663076744680_ok.jpg";NULL;"NEWS";"IMAGE";"0";"2022-09-13 13:45:46";"2022-09-13 13:45:46"
"361";"156";"1663076765817_libri.jpg";NULL;"NEWS";"IMAGE";"0";"2022-09-13 13:46:06";"2022-09-13 13:46:06"
"362";"156";"1663076773176_ok.jpg";NULL;"NEWS";"IMAGE";"0";"2022-09-13 13:46:13";"2022-09-13 13:46:13"
"363";"156";"1663076780268_scaffale.jpg";NULL;"NEWS";"IMAGE";"0";"2022-09-13 13:46:21";"2022-09-13 13:46:21"
"364";"156";"1663076789019_scaffali.jpg";NULL;"NEWS";"IMAGE";"0";"2022-09-13 13:46:29";"2022-09-13 13:46:29"
"365";"156";"1663076795866_volume.jpg";NULL;"NEWS";"IMAGE";"0";"2022-09-13 13:46:36";"2022-09-13 13:46:36"
"366";"157";"1663081528364_cop.jpg";NULL;"NEWS";"IMAGE";"1";"2022-09-13 15:05:27";"2022-09-13 15:05:30"
"367";"157";"1663081536706_gruppo.jpg";NULL;"NEWS";"IMAGE";"0";"2022-09-13 15:05:36";"2022-09-13 15:05:36"
"368";"157";"1663081552030_ingresso.jpg";NULL;"NEWS";"IMAGE";"0";"2022-09-13 15:05:52";"2022-09-13 15:05:52"
"369";"157";"1663081576125_prosl.jpg";NULL;"NEWS";"IMAGE";"0";"2022-09-13 15:06:16";"2022-09-13 15:06:16"
"370";"158";"1663412876169_cop.png";NULL;"NEWS";"IMAGE";"1";"2022-09-17 11:07:59";"2022-09-17 11:08:04"
"371";"158";"1663412892380_locandina.jpeg";NULL;"NEWS";"IMAGE";"0";"2022-09-17 11:08:21";"2022-09-17 11:08:21"
"372";"158";"1663413275562_pubblico.jpg";NULL;"NEWS";"IMAGE";"0";"2022-09-17 11:14:42";"2022-09-17 11:14:42"
"373";"158";"1663413562636_rubiera_caritas copia.png";NULL;"NEWS";"IMAGE";"0";"2022-09-17 11:19:47";"2022-09-17 11:19:47"
"375";"159";"1664462306017_dsc0355.jpg";NULL;"NEWS";"FILE";"0";"2022-09-29 14:38:37";"2022-09-29 14:38:37"
"378";"159";"1664520173291_cop.jpg";NULL;"NEWS";"IMAGE";"1";"2022-09-30 06:42:50";"2022-09-30 06:42:52"
"379";"160";"1664819049804_cop.jpg";NULL;"NEWS";"IMAGE";"1";"2022-10-03 17:44:15";"2022-10-03 17:44:19"
"380";"161";"1665673194229_cop.jpg";NULL;"NEWS";"IMAGE";"1";"2022-10-13 14:59:54";"2022-10-13 14:59:57"
"381";"161";"1665673206184_a_bordo campo 12 ottobre 2022.jpeg";NULL;"NEWS";"IMAGE";"0";"2022-10-13 15:00:06";"2022-10-13 15:00:06"
"382";"161";"1665673249164_chiostri_di san pietro.jpg";NULL;"NEWS";"IMAGE";"0";"2022-10-13 15:00:50";"2022-10-13 15:00:50"
"383";"162";"1666446503023_cop.jpg";NULL;"NEWS";"IMAGE";"1";"2022-10-22 13:48:22";"2022-10-22 13:48:25"
"384";"162";"1666446524790_canto_salmo.jpg";NULL;"NEWS";"IMAGE";"0";"2022-10-22 13:48:49";"2022-10-22 13:48:49"
"385";"162";"1666446545840_ingresso.jpg";NULL;"NEWS";"IMAGE";"0";"2022-10-22 13:49:13";"2022-10-22 13:49:13"
"386";"162";"1666446567254_omelia.jpg";NULL;"NEWS";"IMAGE";"0";"2022-10-22 13:49:30";"2022-10-22 13:49:30"
"387";"162";"1666446578582_ringraziamento.jpg";NULL;"NEWS";"IMAGE";"0";"2022-10-22 13:49:45";"2022-10-22 13:49:45"
"388";"162";"1666446599095_cena.jpg";NULL;"NEWS";"IMAGE";"0";"2022-10-22 13:50:11";"2022-10-22 13:50:11"
"389";"162";"1666447854540_abbraccio.jpg";NULL;"NEWS";"IMAGE";"0";"2022-10-22 14:11:11";"2022-10-22 14:11:11"
"391";"163";"1666524224821_li4edo3.jpg";NULL;"NEWS";"IMAGE";"0";"2022-10-23 11:23:59";"2022-10-23 12:31:47"
"392";"163";"1666524257170_li4edo1.jpg";NULL;"NEWS";"IMAGE";"0";"2022-10-23 11:24:28";"2022-10-23 12:31:47"
"393";"163";"1666524286234_li4edo2.jpg";NULL;"NEWS";"IMAGE";"0";"2022-10-23 11:25:00";"2022-10-23 12:31:47"
"394";"163";"1666524313326_locandina_whatsapp.jpeg";NULL;"NEWS";"FILE";"0";"2022-10-23 11:25:17";"2022-10-23 11:25:17"
"396";"163";"1666528254273_cop2.jpg";NULL;"NEWS";"IMAGE";"1";"2022-10-23 12:30:54";"2022-10-23 12:31:47"
"397";"164";"1666800874070_cop.jpg";NULL;"NEWS";"IMAGE";"1";"2022-10-26 16:14:33";"2022-10-26 16:14:37"
"398";"165";"1667928627881_cop.jpg";NULL;"NEWS";"IMAGE";"1";"2022-11-08 17:30:28";"2022-11-08 17:30:31"
"399";"166";"1667935157825_anime_in cammino.jpeg";NULL;"NEWS";"IMAGE";"0";"2022-11-08 19:19:23";"2022-11-08 19:19:35"
"400";"166";"1667935171232_cop.jpg";NULL;"NEWS";"IMAGE";"1";"2022-11-08 19:19:31";"2022-11-08 19:19:35"
"401";"166";"1667935192783_paolo_battistelli.jpg";NULL;"NEWS";"IMAGE";"0";"2022-11-08 19:20:10";"2022-11-08 19:20:10"
"402";"166";"1667935220665_edoardo_tincani.jpg";NULL;"NEWS";"IMAGE";"0";"2022-11-08 19:20:37";"2022-11-08 19:20:37"
"403";"166";"1667935266127_stefano_boggi.jpg";NULL;"NEWS";"IMAGE";"0";"2022-11-08 19:21:16";"2022-11-08 19:21:16"
"404";"166";"1667935354443_andrea_zavaroni.jpg";NULL;"NEWS";"IMAGE";"0";"2022-11-08 19:22:50";"2022-11-08 19:22:50"
"405";"166";"1667935379602_gabriele_chiodo.jpg";NULL;"NEWS";"IMAGE";"0";"2022-11-08 19:23:23";"2022-11-08 19:23:23"
"406";"166";"1667935417586_anime_in cammino.jpeg";NULL;"NEWS";"FILE";"0";"2022-11-08 19:23:42";"2022-11-08 19:23:42"
"407";"167";"1668860608559_cop.jpg";NULL;"NEWS";"IMAGE";"1";"2022-11-19 12:23:27";"2022-11-19 12:23:35"
"408";"168";"1669110504621_cop.jpg";NULL;"NEWS";"IMAGE";"1";"2022-11-22 09:48:24";"2022-11-22 09:48:30"
"409";"168";"1669110556769_tincani_invito presentazione web.jpg";NULL;"NEWS";"FILE";"0";"2022-11-22 09:49:16";"2022-11-22 09:49:16"
"410";"169";"1669188519235_cop.jpg";NULL;"NEWS";"IMAGE";"1";"2022-11-23 07:28:39";"2022-11-23 07:28:50"
"412";"169";"1669188924333_teatro.jpeg";NULL;"NEWS";"IMAGE";"0";"2022-11-23 07:35:24";"2022-11-23 07:35:24"
"413";"169";"1669189016297_dipinto.jpg";NULL;"NEWS";"IMAGE";"0";"2022-11-23 07:36:59";"2022-11-23 07:36:59"
"414";"169";"1669189030807_san_prospero.jpeg";NULL;"NEWS";"IMAGE";"0";"2022-11-23 07:37:11";"2022-11-23 07:37:11"
"415";"169";"1669189040931_san_prospero bis.jpeg";NULL;"NEWS";"IMAGE";"0";"2022-11-23 07:37:21";"2022-11-23 07:37:21"
"416";"170";"1669327346828_cop.jpg";NULL;"NEWS";"IMAGE";"1";"2022-11-24 22:02:32";"2022-11-24 22:02:39"
"417";"171";"1669717844650_base_invito instagram.jpg";NULL;"NEWS";"FILE";"0";"2022-11-29 10:30:46";"2022-11-29 10:30:46"
"418";"171";"1669717856097_base_invito instagram.jpg";NULL;"NEWS";"IMAGE";"0";"2022-11-29 10:30:57";"2022-12-28 17:29:45"
"419";"171";"1669717876513_foto_ritaglio carlino reggio.jpg";NULL;"NEWS";"IMAGE";"0";"2022-11-29 10:31:18";"2022-12-28 17:29:45"
"422";"172";"1669809440854_dsc2509.jpg";NULL;"NEWS";"IMAGE";"0";"2022-11-30 11:57:23";"2022-11-30 12:49:25"
"423";"172";"1669809447660_pubblico.jpg";NULL;"NEWS";"IMAGE";"0";"2022-11-30 11:57:30";"2022-11-30 12:49:25"
"424";"172";"1669809454276_dsc2514.jpg";NULL;"NEWS";"IMAGE";"0";"2022-11-30 11:57:37";"2022-11-30 12:49:25"
"425";"172";"1669809471431_dsc2482.jpg";NULL;"NEWS";"IMAGE";"0";"2022-11-30 11:57:54";"2022-11-30 12:49:25"
"426";"172";"1669809479198_dsc2470.jpg";NULL;"NEWS";"IMAGE";"0";"2022-11-30 11:58:01";"2022-11-30 12:49:25"
"427";"172";"1669809490646_dsc2504.jpg";NULL;"NEWS";"IMAGE";"0";"2022-11-30 11:58:13";"2022-11-30 12:49:25"
"428";"172";"1669809497974_dsc2490.jpg";NULL;"NEWS";"IMAGE";"0";"2022-11-30 11:58:20";"2022-11-30 12:49:25"
"432";"172";"1669812559109_cop3.jpg";NULL;"NEWS";"IMAGE";"1";"2022-11-30 12:49:21";"2022-11-30 12:49:25"
"433";"173";"1670148821845_cop.jpg";NULL;"NEWS";"IMAGE";"1";"2022-12-04 10:13:41";"2022-12-04 10:13:43"
"434";"173";"1670148832153_copertina_strenna 2022 del pio istituto artigianelli.jpg";NULL;"NEWS";"IMAGE";"0";"2022-12-04 10:13:51";"2022-12-04 10:13:51"
"435";"174";"1670423744701_cop.jpg";NULL;"NEWS";"IMAGE";"1";"2022-12-07 14:35:44";"2022-12-07 14:35:47"
"436";"175";"1670513734708_cop.jpg";NULL;"NEWS";"IMAGE";"1";"2022-12-08 15:35:38";"2022-12-08 15:35:41"
"437";"176";"1670776340707_cop.jpg";NULL;"NEWS";"IMAGE";"1";"2022-12-11 16:32:20";"2022-12-11 16:32:22"
"438";"177";"1670957406512_cop.jpg";NULL;"NEWS";"IMAGE";"1";"2022-12-13 18:50:06";"2022-12-13 18:50:32"
"439";"177";"1670957417182_copertina_libro.jpg";NULL;"NEWS";"IMAGE";"0";"2022-12-13 18:50:16";"2022-12-13 18:50:32"
"440";"178";"1671553745743_cop.jpg";NULL;"NEWS";"IMAGE";"1";"2022-12-20 16:29:05";"2022-12-20 16:29:09"
"441";"178";"1671553758442_copertina_libro.jpg";NULL;"NEWS";"IMAGE";"0";"2022-12-20 16:29:18";"2022-12-20 16:29:18"
"442";"179";"1671554629364_cop.jpg";NULL;"NEWS";"IMAGE";"1";"2022-12-20 16:43:50";"2022-12-20 16:43:54"
"443";"180";"1672248309942_cop.jpg";NULL;"NEWS";"IMAGE";"1";"2022-12-28 17:25:07";"2022-12-28 17:25:10"
"444";"180";"1672248320231_articolo_gazzetta di reggio 28122022.pdf";NULL;"NEWS";"FILE";"0";"2022-12-28 17:25:18";"2022-12-28 17:25:18"
"445";"171";"1672248578921_cop1.jpg";NULL;"NEWS";"IMAGE";"1";"2022-12-28 17:29:36";"2022-12-28 17:29:45"
"446";"181";"1672587801243_cop.png";NULL;"NEWS";"IMAGE";"1";"2023-01-01 15:43:20";"2023-01-01 15:43:23"
"447";"181";"1672587808417_copertina_libro.jpg";NULL;"NEWS";"IMAGE";"0";"2023-01-01 15:43:27";"2023-01-01 15:43:27"
"448";"181";"1672587983767_dsc2509.jpg";NULL;"NEWS";"IMAGE";"0";"2023-01-01 15:46:29";"2023-01-01 15:46:29"
"450";"182";"1673198150198_cop.png";NULL;"NEWS";"IMAGE";"0";"2023-01-08 17:15:50";"2023-01-08 17:26:21"
"453";"182";"1673198775821_cop3.png";NULL;"NEWS";"IMAGE";"1";"2023-01-08 17:26:16";"2023-01-08 17:26:21"
"454";"183";"1673791138853_cop.jpg";NULL;"NEWS";"IMAGE";"1";"2023-01-15 13:58:57";"2023-01-15 13:59:00"
"455";"184";"1674414806520_cop.jpg";NULL;"NEWS";"IMAGE";"1";"2023-01-22 19:13:40";"2023-01-22 19:14:17"
"456";"184";"1674415387720_inchiesa.jpg";NULL;"NEWS";"IMAGE";"0";"2023-01-22 19:23:32";"2023-01-22 19:23:32"
"457";"184";"1674415460487_pubblico.jpg";NULL;"NEWS";"IMAGE";"0";"2023-01-22 19:24:40";"2023-01-22 19:24:40"
"458";"184";"1674415495169_tavolo.jpg";NULL;"NEWS";"IMAGE";"0";"2023-01-22 19:25:03";"2023-01-22 19:25:03"
"459";"185";"1675955173144_teletricolore.jpg";NULL;"NEWS";"IMAGE";"0";"2023-02-09 15:06:13";"2023-02-09 15:06:27"
"460";"185";"1675955179168_cop.jpg";NULL;"NEWS";"IMAGE";"1";"2023-02-09 15:06:19";"2023-02-09 15:06:27"
"461";"186";"1676971131674_cop.jpg";NULL;"NEWS";"IMAGE";"1";"2023-02-21 09:18:51";"2023-02-21 09:18:54"
"462";"187";"1677165469420_cop.jpg";NULL;"NEWS";"IMAGE";"1";"2023-02-23 15:17:49";"2023-02-23 15:18:08"
"463";"187";"1677165657866_ritratto_1.jpeg";NULL;"NEWS";"IMAGE";"0";"2023-02-23 15:20:58";"2023-02-23 15:20:58"
"464";"187";"1677165662721_ritratto_2.jpeg";NULL;"NEWS";"IMAGE";"0";"2023-02-23 15:21:04";"2023-02-23 15:21:04"
"465";"187";"1677165670602_bagnolo.jpg";NULL;"NEWS";"IMAGE";"0";"2023-02-23 15:21:11";"2023-02-23 15:21:11"
"466";"188";"1677436578492_cop.jpg";NULL;"NEWS";"IMAGE";"1";"2023-02-26 18:36:21";"2023-02-26 18:36:25"
"469";"190";"1677691578759_cop.jpg";NULL;"NEWS";"IMAGE";"1";"2023-03-01 17:26:18";"2023-03-01 17:26:25"
"470";"190";"1677691593304_locandina_concerto 18 marzo 2023 web.jpeg";NULL;"NEWS";"IMAGE";"0";"2023-03-01 17:26:38";"2023-03-01 17:26:38"
"471";"190";"1677691617618_perslide.jpg";NULL;"NEWS";"IMAGE";"0";"2023-03-01 17:27:03";"2023-03-01 17:27:03"
"472";"190";"1677691633120_locandina_concerto 18 marzo 2023 web.jpeg";NULL;"NEWS";"FILE";"0";"2023-03-01 17:27:16";"2023-03-01 17:27:16"
"473";"189";"1677838794776_locandina_7 marzo 2023.jpg";NULL;"NEWS";"FILE";"0";"2023-03-03 10:19:54";"2023-03-03 10:19:54"
"474";"189";"1677927163862_copertina_da editore.jpg";NULL;"NEWS";"FILE";"0";"2023-03-04 10:52:54";"2023-03-04 10:52:54"
"475";"189";"1677927391781_copsito.jpg";NULL;"NEWS";"IMAGE";"1";"2023-03-04 10:56:31";"2023-03-08 13:41:50"
"476";"191";"1678284377552_cop.jpg";NULL;"NEWS";"IMAGE";"1";"2023-03-08 14:06:16";"2023-03-08 14:06:19"
"477";"192";"1678802511971_cop.png";NULL;"NEWS";"IMAGE";"1";"2023-03-14 14:01:53";"2023-03-14 14:01:56"
"478";"193";"1679141926427_copalt.jpg";NULL;"NEWS";"IMAGE";"1";"2023-03-18 12:18:55";"2023-03-18 12:19:00"
"479";"194";"1679302765406_cop.jpg";NULL;"NEWS";"IMAGE";"1";"2023-03-20 08:59:25";"2023-03-20 08:59:27"
"480";"195";"1679392303373_cop.jpg";NULL;"NEWS";"IMAGE";"1";"2023-03-21 09:51:43";"2023-03-21 09:51:46"
"481";"196";"1680253448491_cop.png";NULL;"NEWS";"IMAGE";"1";"2023-03-31 09:04:09";"2023-03-31 09:04:13"
"482";"197";"1680446190282_cop.jpg";NULL;"NEWS";"IMAGE";"1";"2023-04-02 14:36:29";"2023-04-02 14:37:55"
"483";"198";"1681364554427_cop.jpg";NULL;"NEWS";"IMAGE";"1";"2023-04-13 05:42:34";"2023-04-13 05:42:37"
"484";"199";"1683492006775_copertina_racconti emiliano romagnoli.jpg";NULL;"NEWS";"FILE";"0";"2023-05-07 20:40:02";"2023-05-07 20:40:02"
"485";"199";"1683492015506_cop.jpg";NULL;"NEWS";"IMAGE";"1";"2023-05-07 20:40:11";"2023-05-07 20:40:13"
"486";"200";"1685032463023_cop.jpg";NULL;"NEWS";"IMAGE";"1";"2023-05-25 16:34:23";"2023-05-25 16:34:25"
"487";"200";"1685032490402_foto_di gruppo fuori dal campidoglio 1.jpeg";NULL;"NEWS";"IMAGE";"0";"2023-05-25 16:34:50";"2023-05-25 16:34:50"
"488";"200";"1685032500697_con_fausto e francesca.jpeg";NULL;"NEWS";"IMAGE";"0";"2023-05-25 16:35:01";"2023-05-25 16:35:01"
"489";"200";"1685032507602_foto_di gruppo cena di gala con vince tempera.jpeg";NULL;"NEWS";"IMAGE";"0";"2023-05-25 16:35:08";"2023-05-25 16:35:08"
"490";"201";"1685190575811_cop.jpg";NULL;"NEWS";"IMAGE";"1";"2023-05-27 12:29:35";"2023-05-27 12:29:40"
"491";"201";"1685190754768_articolo_gr foto per slide.jpg";NULL;"NEWS";"IMAGE";"0";"2023-05-27 12:32:44";"2023-05-27 12:32:44"
"492";"201";"1685204626382_gazzetta_di reggio 2752023.pdf";NULL;"NEWS";"FILE";"0";"2023-05-27 16:23:51";"2023-05-27 16:23:51"
"493";"202";"1685435245945_perslide.jpg";NULL;"NEWS";"IMAGE";"0";"2023-05-30 08:27:26";"2023-05-30 08:30:23"
"494";"202";"1685435348590_percop.jpg";NULL;"NEWS";"IMAGE";"0";"2023-05-30 08:29:10";"2023-05-30 08:30:23"
"495";"202";"1685435363159_dsc2507.jpg";NULL;"NEWS";"IMAGE";"0";"2023-05-30 08:29:23";"2023-05-30 08:30:23"
"496";"202";"1685435378901_pagina_la libert√† del 31 maggio 2023.pdf";NULL;"NEWS";"FILE";"0";"2023-05-30 08:29:40";"2023-05-30 08:29:40"
"497";"202";"1685435418108_cop.jpg";NULL;"NEWS";"IMAGE";"1";"2023-05-30 08:30:18";"2023-05-30 08:30:23"
"498";"203";"1685608385212_san_martino in rio 262023.jpeg";NULL;"NEWS";"FILE";"0";"2023-06-01 08:33:04";"2023-06-01 08:33:04"
"499";"203";"1685608423244_cop.jpg";NULL;"NEWS";"IMAGE";"0";"2023-06-01 08:33:42";"2023-06-01 10:24:04"
"501";"203";"1685608453531_slide.jpg";NULL;"NEWS";"IMAGE";"0";"2023-06-01 08:34:13";"2023-06-01 10:24:04"
"502";"203";"1685608463349_san_martino in rio 262023.jpeg";NULL;"NEWS";"IMAGE";"0";"2023-06-01 08:34:22";"2023-06-01 10:24:04"
"503";"203";"1685615039645_okcop.jpg";NULL;"NEWS";"IMAGE";"1";"2023-06-01 10:23:58";"2023-06-01 10:24:04"
"504";"204";"1685814355207_a_tavola.jpeg";NULL;"NEWS";"IMAGE";"0";"2023-06-03 17:46:01";"2023-06-03 17:49:08"
"505";"204";"1685814480326_concerto.jpg";NULL;"NEWS";"IMAGE";"0";"2023-06-03 17:48:07";"2023-06-03 17:49:08"
"506";"204";"1685814517529_pubblico.jpg";NULL;"NEWS";"IMAGE";"0";"2023-06-03 17:48:48";"2023-06-03 17:49:08"
"507";"204";"1685814533937_volontari.jpg";NULL;"NEWS";"IMAGE";"0";"2023-06-03 17:48:57";"2023-06-03 17:49:08"
"508";"204";"1685814542354_cop.jpg";NULL;"NEWS";"IMAGE";"1";"2023-06-03 17:49:03";"2023-06-03 17:49:08"
"509";"205";"1689591755939_foto3taglio.jpg";NULL;"NEWS";"IMAGE";"1";"2023-07-17 11:02:29";"2023-07-17 11:02:34"
"510";"206";"1690291226515_cop.jpg";NULL;"NEWS";"IMAGE";"1";"2023-07-25 13:20:26";"2023-07-25 13:20:33"
"511";"206";"1690291276380_copertina_canzone.jpeg";NULL;"NEWS";"FILE";"0";"2023-07-25 13:21:19";"2023-07-25 13:21:19"
"512";"207";"1692944312097_copertina.jpeg";NULL;"NEWS";"FILE";"0";"2023-08-25 06:18:32";"2023-08-25 06:18:32"
"513";"207";"1692944327503_copertina.jpeg";NULL;"NEWS";"IMAGE";"0";"2023-08-25 06:18:48";"2023-08-25 06:18:55"
"514";"207";"1692944332275_cop.jpg";NULL;"NEWS";"IMAGE";"1";"2023-08-25 06:18:52";"2023-08-25 06:18:55"
"515";"208";"1693237536922_newcop.jpg";NULL;"NEWS";"IMAGE";"1";"2023-08-28 15:45:36";"2023-08-28 15:45:40"
"516";"208";"1693237567727_liveig.jpeg";NULL;"NEWS";"FILE";"0";"2023-08-28 15:46:10";"2023-08-28 15:46:10"
"517";"208";"1693237677263_copertina_bisagno.jpeg";NULL;"NEWS";"IMAGE";"0";"2023-08-28 15:47:59";"2023-08-28 15:47:59"
"518";"209";"1693239402912_livecop.jpg";NULL;"NEWS";"IMAGE";"0";"2023-08-28 16:16:42";"2023-09-09 15:56:11"
"519";"209";"1693239415174_livefb.jpeg";NULL;"NEWS";"FILE";"0";"2023-08-28 16:16:58";"2023-08-28 16:16:58"
"520";"210";"1694273166079_cop.jpg";NULL;"NEWS";"IMAGE";"1";"2023-09-09 15:26:06";"2023-09-09 15:26:09"
"521";"210";"1694273174422_edo.jpg";NULL;"NEWS";"IMAGE";"0";"2023-09-09 15:26:42";"2023-09-09 15:26:42"
"522";"210";"1694273211503_paolo.jpg";NULL;"NEWS";"IMAGE";"0";"2023-09-09 15:27:11";"2023-09-09 15:27:11"
"523";"210";"1694274038237_ste.jpg";NULL;"NEWS";"IMAGE";"0";"2023-09-09 15:40:41";"2023-09-09 15:40:41"
"524";"210";"1694274055112_andrea.jpg";NULL;"NEWS";"IMAGE";"0";"2023-09-09 15:41:17";"2023-09-09 15:41:17"
"525";"210";"1694274088174_lele.jpg";NULL;"NEWS";"IMAGE";"0";"2023-09-09 15:41:53";"2023-09-09 15:41:53"
"526";"210";"1694274397576_band.jpg";NULL;"NEWS";"IMAGE";"0";"2023-09-09 15:46:51";"2023-09-09 15:46:51"
"527";"210";"1694274423569_chiostro1.jpg";NULL;"NEWS";"IMAGE";"0";"2023-09-09 15:47:07";"2023-09-09 15:47:07"
"528";"210";"1694274438130_chiostro2.jpg";NULL;"NEWS";"IMAGE";"0";"2023-09-09 15:47:22";"2023-09-09 15:47:22"
"529";"209";"1694274962896_cop.jpg";NULL;"NEWS";"IMAGE";"1";"2023-09-09 15:56:03";"2023-09-09 15:56:11"
"530";"211";"1694532962975_copok.jpg";NULL;"NEWS";"IMAGE";"1";"2023-09-12 15:36:02";"2023-09-12 15:36:05"
"531";"211";"1694532973903_copertina_di frassati dono di carit√†.jpeg";NULL;"NEWS";"FILE";"0";"2023-09-12 15:36:17";"2023-09-12 15:36:17"
"532";"212";"1694862130210_cop.jpg";NULL;"NEWS";"IMAGE";"1";"2023-09-16 11:02:10";"2023-09-16 11:02:16"
"533";"212";"1694862142324_copertina_di frassati dono di carit√†.jpeg";NULL;"NEWS";"FILE";"0";"2023-09-16 11:02:27";"2023-09-16 11:02:27"
"534";"213";"1694967769114_cop1.jpg";NULL;"NEWS";"IMAGE";"1";"2023-09-17 16:22:50";"2023-09-17 16:22:52"
"535";"213";"1694967937342_copertina_ il vangelo del change management.jpg";NULL;"NEWS";"FILE";"0";"2023-09-17 16:25:38";"2023-09-17 16:25:38"
"536";"213";"1694968394326_locandina_presentazione libro lorusso  gioved√¨ 21 settembre 2023.jpg";NULL;"NEWS";"FILE";"0";"2023-09-17 16:33:42";"2023-09-17 16:33:42"
"537";"214";"1694969980474_locandina_fb.jpeg";NULL;"NEWS";"FILE";"0";"2023-09-17 16:59:43";"2023-09-17 16:59:43"
"538";"214";"1694970309449_cop2.jpg";NULL;"NEWS";"IMAGE";"1";"2023-09-17 17:05:10";"2023-09-17 17:05:12"
